{"base_lr": 9.997243690562982e-05, "lr": 0.0, "data_time": 0.009235882759094238, "grad_norm": 399.4557250976562, "loss": 12.589396476745605, "decode.loss_cls": 0.8985990881919861, "decode.loss_mask": 0.6464832112193107, "decode.loss_dice": 0.5391070395708084, "decode.d0.loss_cls": 0.9205169320106507, "decode.d0.loss_mask": 0.6297388881444931, "decode.d0.loss_dice": 0.517963296175003, "decode.d1.loss_cls": 0.9400788486003876, "decode.d1.loss_mask": 0.6675800770521164, "decode.d1.loss_dice": 0.525294092297554, "decode.d2.loss_cls": 0.9061112880706788, "decode.d2.loss_mask": 0.6462003946304321, "decode.d2.loss_dice": 0.5432393223047256, "decode.d3.loss_cls": 0.8745495796203613, "decode.d3.loss_mask": 0.6524294734001159, "decode.d3.loss_dice": 0.5431171834468842, "decode.d4.loss_cls": 0.9354744970798492, "decode.d4.loss_mask": 0.6800934314727783, "decode.d4.loss_dice": 0.5228194952011108, "time": 0.21318285465240477, "iter": 50, "memory": 5688, "step": 50}
